{
    "all": {
        "0.001": {
            "accuracy": 0.9002,
            "replaced": 0.0
        },
        "0.0030204081632653063": {
            "accuracy": 0.9002,
            "replaced": 0.0
        },
        "0.0050408163265306125": {
            "accuracy": 0.9002,
            "replaced": 4.385908323456533e-05
        },
        "0.007061224489795919": {
            "accuracy": 0.9002,
            "replaced": 0.002596743870526552
        },
        "0.009081632653061226": {
            "accuracy": 0.9001,
            "replaced": 0.031506553292274475
        },
        "0.011102040816326531": {
            "accuracy": 0.9,
            "replaced": 0.13307560980319977
        },
        "0.013122448979591837": {
            "accuracy": 0.9003,
            "replaced": 0.30439111590385437
        },
        "0.015142857142857145": {
            "accuracy": 0.8998,
            "replaced": 0.48295003175735474
        },
        "0.01716326530612245": {
            "accuracy": 0.8997,
            "replaced": 0.6159341335296631
        },
        "0.019183673469387756": {
            "accuracy": 0.9005,
            "replaced": 0.695214033126831
        },
        "0.02120408163265306": {
            "accuracy": 0.9004,
            "replaced": 0.7367616891860962
        },
        "0.02322448979591837": {
            "accuracy": 0.9,
            "replaced": 0.7582971453666687
        },
        "0.025244897959183676": {
            "accuracy": 0.8998,
            "replaced": 0.771946132183075
        },
        "0.02726530612244898": {
            "accuracy": 0.8994,
            "replaced": 0.784058153629303
        },
        "0.02928571428571429": {
            "accuracy": 0.8989,
            "replaced": 0.7974660396575928
        },
        "0.031306122448979595": {
            "accuracy": 0.8988,
            "replaced": 0.8131663799285889
        },
        "0.0333265306122449": {
            "accuracy": 0.8979,
            "replaced": 0.8306997418403625
        },
        "0.035346938775510206": {
            "accuracy": 0.8978,
            "replaced": 0.849185049533844
        },
        "0.03736734693877551": {
            "accuracy": 0.8967,
            "replaced": 0.8673418760299683
        },
        "0.03938775510204082": {
            "accuracy": 0.8958,
            "replaced": 0.8842657804489136
        },
        "0.04140816326530612": {
            "accuracy": 0.8931,
            "replaced": 0.8992121815681458
        },
        "0.043428571428571434": {
            "accuracy": 0.8934,
            "replaced": 0.9118831753730774
        },
        "0.04544897959183674": {
            "accuracy": 0.8903,
            "replaced": 0.9224018454551697
        },
        "0.047469387755102045": {
            "accuracy": 0.8866,
            "replaced": 0.9311645030975342
        },
        "0.04948979591836735": {
            "accuracy": 0.8779,
            "replaced": 0.9384353160858154
        },
        "0.051510204081632656": {
            "accuracy": 0.8681,
            "replaced": 0.944688081741333
        },
        "0.05353061224489796": {
            "accuracy": 0.8506,
            "replaced": 0.9500248432159424
        },
        "0.05555102040816327": {
            "accuracy": 0.8185,
            "replaced": 0.9547020196914673
        },
        "0.05757142857142858": {
            "accuracy": 0.7803,
            "replaced": 0.9589400291442871
        },
        "0.059591836734693884": {
            "accuracy": 0.7068,
            "replaced": 0.962773323059082
        },
        "0.06161224489795919": {
            "accuracy": 0.6254,
            "replaced": 0.9662232398986816
        },
        "0.0636326530612245": {
            "accuracy": 0.5517,
            "replaced": 0.9693555235862732
        },
        "0.0656530612244898": {
            "accuracy": 0.4212,
            "replaced": 0.9722363948822021
        },
        "0.0676734693877551": {
            "accuracy": 0.3266,
            "replaced": 0.9748384952545166
        },
        "0.06969387755102041": {
            "accuracy": 0.2645,
            "replaced": 0.9772035479545593
        },
        "0.07171428571428572": {
            "accuracy": 0.2263,
            "replaced": 0.9793303608894348
        },
        "0.07373469387755102": {
            "accuracy": 0.201,
            "replaced": 0.9812522530555725
        },
        "0.07575510204081633": {
            "accuracy": 0.1637,
            "replaced": 0.98297518491745
        },
        "0.07777551020408163": {
            "accuracy": 0.1626,
            "replaced": 0.9845086932182312
        },
        "0.07979591836734694": {
            "accuracy": 0.1376,
            "replaced": 0.9858776330947876
        },
        "0.08181632653061224": {
            "accuracy": 0.1228,
            "replaced": 0.9871177077293396
        },
        "0.08383673469387756": {
            "accuracy": 0.118,
            "replaced": 0.9882524609565735
        },
        "0.08585714285714287": {
            "accuracy": 0.1231,
            "replaced": 0.9892534613609314
        },
        "0.08787755102040817": {
            "accuracy": 0.1204,
            "replaced": 0.9901498556137085
        },
        "0.08989795918367348": {
            "accuracy": 0.1099,
            "replaced": 0.9909713268280029
        },
        "0.09191836734693878": {
            "accuracy": 0.1062,
            "replaced": 0.9916917085647583
        },
        "0.09393877551020409": {
            "accuracy": 0.1038,
            "replaced": 0.9923593401908875
        },
        "0.0959591836734694": {
            "accuracy": 0.1001,
            "replaced": 0.9929537177085876
        },
        "0.0979795918367347": {
            "accuracy": 0.1,
            "replaced": 0.9934874176979065
        },
        "0.1": {
            "accuracy": 0.1001,
            "replaced": 0.9939903616905212
        }
    },
    "conv": {
        "0.001": {
            "accuracy": 0.9002,
            "replaced": 0.0
        },
        "0.0030204081632653063": {
            "accuracy": 0.9002,
            "replaced": 0.0
        },
        "0.0050408163265306125": {
            "accuracy": 0.9002,
            "replaced": 0.0
        },
        "0.007061224489795919": {
            "accuracy": 0.9002,
            "replaced": 0.0
        },
        "0.009081632653061226": {
            "accuracy": 0.9002,
            "replaced": 0.0
        },
        "0.011102040816326531": {
            "accuracy": 0.9002,
            "replaced": 0.0
        },
        "0.013122448979591837": {
            "accuracy": 0.9002,
            "replaced": 6.5259673647233285e-06
        },
        "0.015142857142857145": {
            "accuracy": 0.9002,
            "replaced": 7.613628258695826e-05
        },
        "0.01716326530612245": {
            "accuracy": 0.9002,
            "replaced": 0.0003088957746513188
        },
        "0.019183673469387756": {
            "accuracy": 0.9,
            "replaced": 0.0009332132758572698
        },
        "0.02120408163265306": {
            "accuracy": 0.9001,
            "replaced": 0.0026158252730965614
        },
        "0.02322448979591837": {
            "accuracy": 0.9001,
            "replaced": 0.006197493523359299
        },
        "0.025244897959183676": {
            "accuracy": 0.8999,
            "replaced": 0.0128659438341856
        },
        "0.02726530612244898": {
            "accuracy": 0.8998,
            "replaced": 0.024571353569626808
        },
        "0.02928571428571429": {
            "accuracy": 0.8994,
            "replaced": 0.043338946998119354
        },
        "0.031306122448979595": {
            "accuracy": 0.899,
            "replaced": 0.0699409618973732
        },
        "0.0333265306122449": {
            "accuracy": 0.8985,
            "replaced": 0.10512027889490128
        },
        "0.035346938775510206": {
            "accuracy": 0.8983,
            "replaced": 0.1482667177915573
        },